{
    "vertices":[-1,-4.2,0,-1,-3.5,0,-1,-4.2,-2,-1,-3.5,-2,1,-4.2,0,1,-3.5,0,1,-4.2,-2,1,-3.5,-2,-1.14335,-3.34335,0.143353,-1.14335,-1.05665,0.143353,-1.14335,-3.34335,-2.14335,-1.14335,-1.05665,-2.14335,1.14335,-3.34335,0.143353,1.14335,-1.05665,0.143353,1.14335,-3.34335,-2.14335,1.14335,-1.05665,-2.14335,0.766315,0.766315,-1.82671,0.766315,-0.766316,-1.82671,0.766315,0.766315,-0.294075,0.766315,-0.766315,-0.294075,-0.766315,0.766315,-1.82671,-0.766315,-0.766316,-1.82671,-0.766315,0.766315,-0.294075,-0.766315,-0.766315,-0.294075,1,1,0,1,1.00524,-2.00681,1,1.00524,-2.00681,1,1,0,1,1.00524,-2.00681,1,1,0,1,1.00524,-2.00681,1,1,0,1,1.00524,-2.00681,1,1,0,1,1.00524,-2.00681,1,-0.99476,-2.00681,1,-0.99476,-2.00681,1,-0.99476,-2.00681,1,-0.99476,-2.00681,1,-0.99476,-2.00681,1,-0.99476,-2.00681,1,-0.99476,-2.00681,1,-0.99476,-2.00681,1,-0.99476,-2.00681,1,-0.99476,-2.00681,1,-0.99476,-2.00681,1,-0.99476,-2.00681,1,-0.99476,-2.00681,1,-0.99476,-2.00681,1,-0.99476,-2.00681,1,-0.99476,-2.00681,1,-0.99476,-2.00681,1,-0.99476,-2.00681,1,-0.99476,-2.00681,1,-0.99476,-2.00681,1,-0.99476,-2.00681,1,-0.99476,-2.00681,1,-0.99476,-2.00681,1,-0.99476,-2.00681,1,-0.99476,-2.00681,1,-0.99476,-2.00681,1,-0.99476,-2.00681,1,-0.99476,-2.00681,1,-0.99476,-2.00681,1,-0.99476,-2.00681,1,1,0,1.00327,-0.972909,-0,1.00327,-0.972909,-0,1,-0.99476,-2.00681,1,1,0,1,1,0,-1,1,0,0,1,0,-1,1.00524,-2.00681,-1,1.00524,-2.00681,0,1.0036,-2.00681,-1,1,0,-1,1.00524,-2.00681,-1,1,0,-1,1.00524,-2.00681,-1,1,0,-1,1.00524,-2.00681,-1,1,0,-1,1.00524,-2.00681,-1,-0.99476,-2.00681,-1,-0.99476,-2.00681,-1,-0.99476,-2.00681,-1,-0.99476,-2.00681,-1,-0.99476,-2.00681,-1,-0.99476,-2.00681,-1,-0.99476,-2.00681,-1,-0.99476,-2.00681,-1,-0.99476,-2.00681,-1,-0.99476,-2.00681,-1,-0.99476,-2.00681,-1,-0.99476,-2.00681,-1,-0.99476,-2.00681,-1,-0.99476,-2.00681,-1,-0.99476,-2.00681,-1,-0.99476,-2.00681,-1,-0.99476,-2.00681,-1,-0.99476,-2.00681,-1,-0.99476,-2.00681,-1,-0.99476,-2.00681,-1,-0.99476,-2.00681,-1,-0.99476,-2.00681,-1,-0.99476,-2.00681,-1,-0.99476,-2.00681,-1,-0.99476,-2.00681,-1,-0.99476,-2.00681,-1,-0.99476,-2.00681,-1,-0.99476,-2.00681,-1,-0.99476,-2.00681,-1,-0.99476,-2.00681,-1,1,0,-1.00327,-0.972909,-0,0,-0.972909,-0,-1.00327,-0.972909,-0,-1,-0.99476,-2.00681,-1,1,0,0,1,0,0,1,0,-1,1,0],
    "metadata":{
        "vertices":123,
        "type":"Geometry",
        "uvs":0,
        "version":3,
        "normals":22,
        "generator":"io_three",
        "faces":38
    },
    "faces":[33,2,0,1,3,0,1,2,3,33,3,7,6,2,3,4,5,0,33,7,5,4,6,4,6,7,5,33,0,4,5,1,1,7,6,2,33,0,2,6,4,1,0,5,7,33,5,7,3,1,6,4,3,2,33,9,11,10,8,2,3,0,1,33,11,15,14,10,3,4,5,0,33,15,13,12,14,4,6,7,5,33,13,9,8,12,6,2,1,7,33,8,10,14,12,1,0,5,7,33,13,15,11,9,6,4,3,2,33,17,19,18,16,2,3,0,1,33,19,23,22,18,3,4,5,0,33,23,21,20,22,4,6,7,5,33,21,17,16,20,6,2,1,7,33,16,18,22,20,1,0,5,7,33,21,23,19,17,6,4,3,2,33,69,67,66,65,8,9,10,10,33,69,120,116,67,8,10,10,9,33,70,121,120,69,10,10,10,8,33,24,72,121,70,11,12,10,10,33,24,25,34,33,11,10,13,14,32,24,34,33,11,13,14,32,33,26,75,14,15,16,32,72,24,33,12,11,14,32,33,75,72,14,16,12,33,67,33,69,26,9,14,8,15,33,119,114,115,117,17,10,10,18,33,119,117,116,120,17,18,10,10,33,122,119,120,121,10,17,10,10,33,71,122,121,72,19,10,10,12,33,71,82,83,73,19,20,13,10,32,74,82,83,21,20,13,32,83,71,72,13,19,12,32,75,74,83,16,21,13,32,72,75,83,12,16,13,33,117,74,119,82,18,21,17,20],
    "name":"Cube.005Geometry",
    "uvs":[],
    "normals":[-0.577349,-0.577349,-0.577349,-0.577349,-0.577349,0.577349,-0.577349,0.577349,0.577349,-0.577349,0.577349,-0.577349,0.577349,0.577349,-0.577349,0.577349,-0.577349,-0.577349,0.577349,0.577349,0.577349,0.577349,-0.577349,0.577349,-0.316111,-0.000519,0.948698,-0.244728,-0.000397,0.969573,0,0,1,-0.000366,0.446791,0.89462,0,0.70632,0.707877,0,0.000305,0.999969,-0.707083,-0.000946,0.707083,-0.443587,0.896207,0.001953,0,0.999969,0.002197,0.316111,-0.000519,0.948698,0.244728,-0.000397,0.969573,0.000366,0.446791,0.89462,0.707083,-0.000946,0.707083,0.443587,0.896207,0.001953]
}